<?xml version="1.0" encoding="UTF-8"?>
<Configuration status="DEBUG">

	<Appenders>
		<Console name="Console" target="System.out">
			<!-- <PatternLayout pattern="%d{yyyy-MM-dd HH:mm:ss.SSS} %logger{36} - %msg%n"/> -->
			<PatternLayout pattern="%-5level %d{HH:mm:ss.SSS} %90logger | %msg%n" />
		</Console>

		<!-- <File name="File" fileName="log/app.log"> <PatternLayout pattern="%-5level %d{HH:mm:ss.SSS} %90logger | %msg%n"/> </File> -->

		<!-- File Appender with Rolling -->
		<!-- log/app-%d{yyyy-MM-dd}-%i.log 이면 압축하지 않고  -->
		<RollingFile
		 name="File_log" fileName="log/app_log.log" filePattern="log/app_log-%d{yyyy-MM-dd}-%i.log">
			<PatternLayout pattern="%-5level %d{HH:mm:ss.SSS} %90logger | %msg%n" />
			<Policies>
				<SizeBasedTriggeringPolicy size="1MB" /> <!-- 특정 크기(1MB)에 도달하면 롤링 -->
			</Policies>
			<DefaultRolloverStrategy max="2" /> <!-- 최대 파일 개수 설정 (여기서는 2개로 설정) -->
		</RollingFile>

		<!-- log/app-%d{yyyy-MM-dd}-%i.log.gz 이면 gzip 압축한다 -->
		<RollingFile name="File_loggz" fileName="log/app_loggz.log" filePattern="log/app_loggz-%d{yyyy-MM-dd}-%i.log.gz">
			<PatternLayout pattern="%-5level %d{HH:mm:ss.SSS} %90logger | %msg%n" />
			<Policies>				
				<SizeBasedTriggeringPolicy size="1MB" /> <!-- 특정 크기(1MB)에 도달하면 롤링 -->
			</Policies>
			<DefaultRolloverStrategy max="2" /> <!-- 최대 파일 개수 설정 (여기서는 2개로 설정) -->
		</RollingFile>
	</Appenders>

	<Loggers>
		<Root level="info">
			<AppenderRef ref="Console" />
			<AppenderRef ref="File_log" />
			<AppenderRef ref="File_loggz" />
		</Root>
	</Loggers>
</Configuration>
